residue,occupancy,system,replicate
PHE189,1.0,CYP1B1,rep1
GLY281,0.9995,CYP1B1,rep1
ALA282,0.999,CYP1B1,rep1
PHE88,0.9745,CYP1B1,rep1
ASP278,0.9595,CYP1B1,rep1
SER87,0.9495,CYP1B1,rep1
PHE223,0.933,CYP1B1,rep1
PHE284,0.896,CYP1B1,rep1
ILE80,0.8885,CYP1B1,rep1
ILE351,0.75,CYP1B1,rep1
ASN187,0.673,CYP1B1,rep1
LEU277,0.665,CYP1B1,rep1
LEU182,0.6445,CYP1B1,rep1
LEU461,0.6175,CYP1B1,rep1
SER81,0.587,CYP1B1,rep1
LEU219,0.4585,CYP1B1,rep1
VAL183,0.2875,CYP1B1,rep1
SER85,0.2395,CYP1B1,rep1
ASN220,0.2285,CYP1B1,rep1
ASP285,0.1995,CYP1B1,rep1
THR286,0.123,CYP1B1,rep1
THR462,0.04,CYP1B1,rep1
VAL347,0.0225,CYP1B1,rep1
GLY190,0.0095,CYP1B1,rep1
ASN188,0.0015,CYP1B1,rep1
ASN184,0.001,CYP1B1,rep1
ASN186,0.001,CYP1B1,rep1
TYR152,0.001,CYP1B1,rep1
GLY281,1.0,CYP1B1,rep2
PHE189,1.0,CYP1B1,rep2
ALA282,0.9895,CYP1B1,rep2
PHE223,0.9795,CYP1B1,rep2
SER87,0.963,CYP1B1,rep2
PHE88,0.9395,CYP1B1,rep2
PHE284,0.939,CYP1B1,rep2
ASN187,0.917,CYP1B1,rep2
ILE80,0.9075,CYP1B1,rep2
LEU277,0.88,CYP1B1,rep2
ASP285,0.8305,CYP1B1,rep2
SER85,0.7295,CYP1B1,rep2
ASP278,0.7115,CYP1B1,rep2
ILE351,0.4815,CYP1B1,rep2
SER81,0.4775,CYP1B1,rep2
LEU461,0.456,CYP1B1,rep2
ASN220,0.3795,CYP1B1,rep2
LEU219,0.306,CYP1B1,rep2
ASN186,0.067,CYP1B1,rep2
LEU182,0.024,CYP1B1,rep2
TYR152,0.022,CYP1B1,rep2
VAL183,0.0125,CYP1B1,rep2
GLY190,0.01,CYP1B1,rep2
THR286,0.0055,CYP1B1,rep2
LYS464,0.0025,CYP1B1,rep2
LEU185,0.001,CYP1B1,rep2
THR462,0.001,CYP1B1,rep2
ASN188,0.0005,CYP1B1,rep2
GLY281,1.0,CYP1B1,rep3
PHE189,1.0,CYP1B1,rep3
ALA282,0.9935,CYP1B1,rep3
PHE88,0.98,CYP1B1,rep3
PHE284,0.9375,CYP1B1,rep3
PHE223,0.9315,CYP1B1,rep3
SER87,0.9015,CYP1B1,rep3
ASP278,0.889,CYP1B1,rep3
ASP285,0.801,CYP1B1,rep3
LEU277,0.7675,CYP1B1,rep3
ILE80,0.757,CYP1B1,rep3
ILE351,0.6105,CYP1B1,rep3
LEU219,0.4885,CYP1B1,rep3
ASN187,0.486,CYP1B1,rep3
SER81,0.4365,CYP1B1,rep3
ASN220,0.316,CYP1B1,rep3
LEU461,0.2345,CYP1B1,rep3
SER85,0.214,CYP1B1,rep3
THR286,0.1285,CYP1B1,rep3
VAL347,0.055,CYP1B1,rep3
THR462,0.032,CYP1B1,rep3
LEU182,0.025,CYP1B1,rep3
TYR152,0.0165,CYP1B1,rep3
ASN186,0.008,CYP1B1,rep3
GLY190,0.0025,CYP1B1,rep3
VAL183,0.001,CYP1B1,rep3
ASN188,0.0005,CYP1B1,rep3
TYR396,1.0,MAO-B,rep1_rerun2
CYS170,0.999,MAO-B,rep1_rerun2
GLN204,0.999,MAO-B,rep1_rerun2
TYR433,0.999,MAO-B,rep1_rerun2
LEU169,0.9965,MAO-B,rep1_rerun2
TYR324,0.9935,MAO-B,rep1_rerun2
TYR186,0.929,MAO-B,rep1_rerun2
ILE197,0.913,MAO-B,rep1_rerun2
PHE166,0.9115,MAO-B,rep1_rerun2
GLY432,0.8965,MAO-B,rep1_rerun2
CYF395,0.803,MAO-B,rep1_rerun2
ILE196,0.504,MAO-B,rep1_rerun2
PHE341,0.443,MAO-B,rep1_rerun2
ILE314,0.2975,MAO-B,rep1_rerun2
LEU165,0.2625,MAO-B,rep1_rerun2
SER431,0.077,MAO-B,rep1_rerun2
SER198,0.0205,MAO-B,rep1_rerun2
PRO100,0.0035,MAO-B,rep1_rerun2
PRO102,0.0025,MAO-B,rep1_rerun2
TYR58,0.0015,MAO-B,rep1_rerun2
TYR396,0.9995,MAO-B,rep2
TYR433,0.999,MAO-B,rep2
CYS170,0.9955,MAO-B,rep2
TYR324,0.9825,MAO-B,rep2
GLN204,0.9785,MAO-B,rep2
TYR186,0.9735,MAO-B,rep2
LEU169,0.966,MAO-B,rep2
CYF395,0.9485,MAO-B,rep2
ILE196,0.912,MAO-B,rep2
GLY432,0.7895,MAO-B,rep2
ILE197,0.594,MAO-B,rep2
PHE166,0.5585,MAO-B,rep2
THR397,0.498,MAO-B,rep2
ILE314,0.3145,MAO-B,rep2
LEU326,0.1815,MAO-B,rep2
THR325,0.139,MAO-B,rep2
MET313,0.1,MAO-B,rep2
THR312,0.0915,MAO-B,rep2
PHE341,0.087,MAO-B,rep2
THR199,0.023,MAO-B,rep2
SER431,0.0105,MAO-B,rep2
SER198,0.007,MAO-B,rep2
LEU165,0.006,MAO-B,rep2
TYR58,0.006,MAO-B,rep2
ALA323,0.0005,MAO-B,rep2
CYS190,0.0005,MAO-B,rep2
GLY203,0.0005,MAO-B,rep2
VAL171,0.0005,MAO-B,rep2
GLN204,0.869,MAO-B,rep3
TYR433,0.869,MAO-B,rep3
TYR324,0.8685,MAO-B,rep3
CYS170,0.8665,MAO-B,rep3
TYR396,0.8665,MAO-B,rep3
LEU169,0.8605,MAO-B,rep3
GLY432,0.8465,MAO-B,rep3
ILE197,0.8385,MAO-B,rep3
ILE196,0.8365,MAO-B,rep3
TYR186,0.8365,MAO-B,rep3
CYF395,0.746,MAO-B,rep3
PHE166,0.4135,MAO-B,rep3
ILE314,0.2565,MAO-B,rep3
PHE341,0.158,MAO-B,rep3
SER431,0.0945,MAO-B,rep3
THR199,0.057,MAO-B,rep3
SER198,0.0535,MAO-B,rep3
THR312,0.0525,MAO-B,rep3
LEU326,0.0405,MAO-B,rep3
GLY203,0.0195,MAO-B,rep3
VAL468,0.005,MAO-B,rep3
ASP469,0.0025,MAO-B,rep3
LEU165,0.0025,MAO-B,rep3
LYS71,0.0025,MAO-B,rep3
CYS190,0.0015,MAO-B,rep3
THR397,0.001,MAO-B,rep3
SER467,0.0005,MAO-B,rep3
TRP117,0.0005,MAO-B,rep3
