system,replicate,donor,acceptor,ligand_role
CYP1B1,rep1,ASN187-ND2,LIG479-O4,acceptor
CYP1B1,rep1,SER87-OG,LIG479-O1,acceptor
CYP1B1,rep1,SER87-OG,LIG479-O2,acceptor
CYP1B1,rep1,LIG479-O4,LEU182-O,donor
CYP1B1,rep2,ASN187-ND2,LIG479-O4,acceptor
CYP1B1,rep2,SER87-OG,LIG479-O1,acceptor
CYP1B1,rep2,LIG479-O4,ASN187-OD1,donor
CYP1B1,rep2,LIG479-O4,ASP285-OD1,donor
CYP1B1,rep2,LIG479-O4,ASP285-OD2,donor
CYP1B1,rep3,SER87-OG,LIG479-O1,acceptor
CYP1B1,rep3,LIG479-O4,ASP285-OD1,donor
CYP1B1,rep3,LIG479-O4,ASP285-OD2,donor
MAO-B,rep1_rerun2,GLN204-NE2,LIG500-O2,acceptor
